county_fips_code,emp_m,emp_n,emp_p,emp_sales,emp_service,femp_m,femp_n,femp_p,femp_sales,femp_service,flfpr_20to64,flfpr_20to64_6to17,flfpr_20to64_under6,flfpr_20to64_under6_6to17,fme_2018,funr_16,funr_20to64,h_6to17_both_work,h_6to17_fwork,h_6to17_mwork,h_6to17_single_m,h_under6_both_work,h_under6_f_work,h_under6_m_work,h_under6_single_m,hispanic,households,mcsa,me_2018,memp_m,memp_n,memp_p,memp_sales,memp_service,mhi_2018,mlfpr_20to64,mme_2018,munr_16,munr_20to64,one_race,one_race_a,one_race_b,one_race_h,one_race_i,one_race_other,one_race_w,pr_f,pr_p,total_pop,two_races,unr_16,unr_20to64
37097,31.714545454545455,10.12,18.762727272727272,23.728181818181817,15.673636363636364,36.05090909090909,0.8745454545454545,10.624545454545455,31.76090909090909,20.69,70.88181818181819,75.37,66.74545454545455,66.3709090909091,25381.269090909092,9.225454545454545,8.981818181818182,12145,5513.272727272727,853.3636363636364,6116,4338.636363636364,2900.5454545454545,150.72727272727272,2823.909090909091,6.718181818181818,60255.09090909091,117.13,32444.920000000002,28.05181818181818,17.92818181818182,25.631818181818183,16.955454545454547,11.436363636363636,56383.97818181818,85.34545454545454,40399.18090909091,8.515454545454546,7.527272727272727,98.56363636363636,2.018181818181818,12.227272727272727,0.03636363636363636,0.33636363636363636,2.0454545454545454,81.89090909090909,9.8,12.9,161093,1.4363636363636363,8.844545454545454,8.181818181818182
37129,38.13909090909091,8.493636363636364,8.286363636363637,25.422727272727272,19.66,41.696363636363635,0.6854545454545454,3.7018181818181817,31.683636363636364,22.232727272727274,74.9090909090909,79.29636363636364,73.99090909090908,70.49909090909091,24922.87909090909,7.758181818181819,6.963636363636364,10440.545454545454,4501.909090909091,791.4545454545455,7654.272727272727,5631.272727272727,2706.5454545454545,364,3578.3636363636365,4.863636363636363,86772.45454545454,128.87800000000001,29451.865454545456,34.67454545454545,16.083636363636362,12.73090909090909,19.35363636363636,17.158181818181816,54336.148181818186,82.41818181818182,34356.16636363637,8.399090909090908,7.463636363636364,98.28181818181818,1.290909090909091,14.672727272727272,0.06363636363636364,0.36363636363636365,1.6181818181818182,80.2909090909091,10.145454545454546,16.490909090909092,206346.72727272726,1.7181818181818183,8.084545454545454,7.2272727272727275
37049,31.38,13.05,12.567272727272726,22.887272727272727,20.11909090909091,36.012727272727275,1.4063636363636363,6.16,31.75090909090909,24.670909090909092,68.58181818181818,80.83818181818182,65.85454545454546,52.53727272727273,23474.354545454546,10.05090909090909,9.563636363636364,5222,2451.2727272727275,366.09090909090907,4250.181818181818,2652.909090909091,2594.818181818182,123.72727272727272,2597.090909090909,6.0636363636363635,40219.818181818184,117.27,28516.154545454545,26.885454545454547,24.39818181818182,18.785454545454545,14.284545454545455,15.645454545454546,51284.89363636364,83.5,33360.964545454546,10.010909090909092,8.909090909090908,97.35454545454546,2.109090909090909,22.027272727272727,0.09090909090909091,0.4818181818181818,2.381818181818182,70.27272727272727,11.345454545454546,15.663636363636364,101946.81818181818,2.6454545454545455,10.031818181818181,9.218181818181819
37147,37.402727272727276,8.323636363636364,11.26,23.328181818181818,19.684545454545454,41.660000000000004,0.82,5.528181818181818,29.654545454545456,22.34,75.06363636363636,85.44363636363636,77.42727272727272,79.04545454545455,22267.96181818182,10.6,9.309090909090909,9692.90909090909,2587.818181818182,699.4545454545455,8413,4552.272727272727,2002.5454545454545,244.0909090909091,4668.636363636364,5.4363636363636365,66123.90909090909,114.466,25990.79272727273,33.00727272727273,16.08909090909091,17.19272727272727,16.78727272727273,16.921818181818182,44282.15090909091,81.08181818181818,30841.497272727273,10.030909090909091,8.263636363636364,97.83636363636364,1.5636363636363637,34.018181818181816,0,0.2636363636363636,2.690909090909091,59.31818181818182,15.454545454545455,24.081818181818182,167648.63636363635,2.1636363636363636,10.321818181818182,8.827272727272728
37035,30.142727272727274,7.962727272727273,22.74909090909091,23.657272727272726,15.484545454545454,35.23,0.47090909090909094,14.674545454545454,30.956363636363637,18.670909090909092,72.33636363636364,75.21090909090908,70.77272727272727,66.41636363636364,25429.98181818182,7.826363636363636,7.0636363636363635,11120.727272727272,4155.181818181818,605.4545454545455,5486.545454545455,4237.363636363636,2431,270.45454545454544,2705.6363636363635,8.709090909090909,59277.27272727273,95.91199999999999,29532.597272727275,25.634545454545453,14.602727272727273,29.93090909090909,17.193636363636365,12.64,49187.36090909091,83.24545454545455,33857.531818181815,8.812727272727273,8.172727272727274,98.01818181818182,3.5090909090909093,8.345454545454546,0,0.34545454545454546,4.5636363636363635,81.21818181818182,10.309090909090909,14,154837.63636363635,1.981818181818182,8.347272727272728,7.672727272727273
37199,26.87909090909091,15.127272727272727,18.14727272727273,18.517272727272726,21.329090909090908,35.74727272727273,1.1436363636363636,10.32,27.445454545454545,25.341818181818184,62.167272727272724,69.63090909090909,67.01727272727273,65.4009090909091,21479.706363636364,8.146363636363636,8.581818181818182,933.2727272727273,766.7272727272727,100,388.6363636363636,354.8181818181818,224.72727272727272,73.9090909090909,181.45454545454544,4.738181818181818,7359.636363636364,92.348,26851.073636363635,19.516363636363636,26.706363636363637,24.64090909090909,11.120000000000001,18.01909090909091,40755.04727272727,78.98363636363636,31627.901818181817,8.743636363636364,7.9763636363636365,99.08363636363636,0.29363636363636364,0.8290909090909091,0.08090909090909092,0.43454545454545457,0.6463636363636364,96.78,15.049090909090909,19.46,17825.545454545456,0.9163636363636364,8.496363636363636,8.276363636363635
37093,27.71727272727273,12.586363636363636,15.523636363636363,22.560909090909092,21.613636363636363,34.026363636363634,1.3009090909090908,9.698181818181817,30.14,24.833636363636362,65.98181818181818,76.42727272727272,57.127272727272725,63.46545454545454,23137.72,11.226363636363637,10.863636363636363,3122.4545454545455,1423.2727272727273,322.3636363636364,2764.5454545454545,1493.5454545454545,1422.090909090909,65.45454545454545,1553.090909090909,12.118181818181819,15723.90909090909,108.63,28990.07,20.631818181818183,25.274545454545454,22.10181818181818,13.99,18,48165.92636363636,74.57272727272728,35792.14272727273,11.815454545454545,10.854545454545455,95.06363636363636,1.2636363636363637,33.72727272727273,0.1272727272727273,8.381818181818181,4.836363636363637,46.69090909090909,16.618181818181817,21.40909090909091,48131.09090909091,4.9363636363636365,11.50909090909091,10.863636363636363
37047,25.88,13.301818181818183,16.062727272727273,22.03,22.727272727272727,35.04272727272727,0.9154545454545455,6.752727272727273,30.05181818181818,27.236363636363635,64.39090909090909,76.71363636363637,66.32727272727273,59.224545454545456,23130.568181818184,8.293636363636363,7.681818181818182,2935.7272727272725,962,377.90909090909093,2746.6363636363635,1093.1818181818182,715.4545454545455,165.36363636363637,1532.5454545454545,4.4363636363636365,21777.909090909092,92.696,26622.016363636365,16.617272727272727,25.78,25.457272727272727,13.936363636363636,18.208181818181817,38150.66818181818,64.55454545454546,30687.254545454543,10.543636363636363,10.2,98.81818181818181,0.26363636363636367,30.59090909090909,0,3.309090909090909,2.9,61.71818181818182,17.5,23.09090909090909,56566.454545454544,1.1818181818181819,9.420909090909092,8.945454545454545
37141,27.944545454545455,16.643636363636364,13.144545454545455,24.054545454545455,18.213636363636365,34.38454545454545,1.8727272727272728,7.306363636363637,34.62,21.815454545454546,68.69090909090909,78.08636363636363,65.03636363636363,60.51,22414.276363636363,8.135454545454545,7.654545454545454,3579.5454545454545,1160.8181818181818,265.27272727272725,1822.2727272727273,1353.5454545454545,740.0909090909091,38.27272727272727,804.5454545454545,6.081818181818182,20300.909090909092,108.988,28677.913636363635,22.156363636363636,29.958181818181817,18.376363636363635,14.548181818181819,14.960909090909091,49492.446363636365,76.39090909090909,35066.068181818184,9.47,8.59090909090909,98.41818181818182,0.4272727272727273,17.672727272727272,0.03636363636363636,0.39090909090909093,3.4181818181818184,76.51818181818182,11.436363636363637,16.454545454545453,53541.454545454544,1.5818181818181818,8.842727272727274,8.127272727272727
37177,18.240909090909092,18.85909090909091,17.713636363636365,23.174545454545456,22.012727272727272,21.922727272727272,1.9072727272727272,11.213636363636363,34.72818181818182,30.228181818181817,71.9009090909091,58.50545454545455,75.10454545454546,98.12181818181818,20988.723636363637,15.15,15.49,99,87.27272727272728,4.7272727272727275,148.45454545454547,49.45454545454545,18.727272727272727,0,104.81818181818181,7.065454545454545,1583.5454545454545,93.922,23497.744545454545,14.828181818181818,34.13272727272727,23.537272727272725,12.458181818181819,15.041818181818181,35655.725454545456,45.89545454545455,24427.167272727274,14.393636363636364,10.71,98.26272727272728,1.230909090909091,35.06636363636364,0.1,1.079090909090909,3.2445454545454546,57.52181818181818,17.58818181818182,22.46181818181818,4211.636363636364,1.7372727272727273,14.724545454545455,13.078181818181818
37073,27.96909090909091,15.772727272727273,19.576363636363634,21.041818181818183,15.636363636363637,36.57818181818182,1.1654545454545455,7.615454545454545,31.84,22.80181818181818,70.45545454545454,75.59181818181818,73.69181818181818,74.05818181818182,24342.754545454547,9.171818181818182,8.122727272727273,732.3636363636364,332.3636363636364,23.363636363636363,509.8181818181818,220.72727272727272,152.1818181818182,0.36363636363636354,311.8181818181818,1.260909090909091,4369.454545454545,96.892,32699.967272727274,19.61,29.886363636363637,31.23818181818182,10.540909090909091,8.723636363636363,52468.43090909091,78.04363636363637,39397.15454545455,9.90909090909091,9.153636363636364,98.61272727272727,0.2927272727272727,34.15181818181818,0,0.4718181818181818,0.5918181818181818,63.129999999999995,12.487272727272726,16.241818181818182,11778.90909090909,1.3872727272727272,9.514545454545454,8.66
37039,26.978181818181817,15.121818181818181,16.05818181818182,23.593636363636364,18.25,33.39090909090909,1.4554545454545453,9.83,33.24545454545454,22.076363636363638,62.48,69.30727272727273,67.02272727272727,58.805454545454545,22334.955454545456,5.7681818181818185,5.29,1523.909090909091,560.2727272727273,300.3636363636364,676.9090909090909,575.3636363636364,396,50.09090909090909,265.27272727272725,2.5,11110.818181818182,89.46,25071.64181818182,20.869090909090907,28.009999999999998,21.956363636363637,14.453636363636363,14.707272727272727,40064.72909090909,70.16181818181818,28716.12090909091,8.305454545454545,8.296363636363637,97.89090909090909,0.5363636363636364,1.2818181818181817,0,1.6,0.9909090909090909,93.51818181818182,11.827272727272728,16.618181818181817,27128.81818181818,2.1090909090909093,7.085454545454546,6.825454545454545
37051,33.158181818181816,8.772727272727273,12.562727272727273,25.48090909090909,20.025454545454547,38.123636363636365,0.8018181818181819,6.881818181818182,31.68090909090909,22.512727272727272,69.44545454545454,75.68272727272728,61.67272727272727,65.12636363636364,23905.73909090909,11.137272727272727,10.418181818181818,16462.090909090908,8938.181818181818,1456.8181818181818,18878.727272727272,8286.90909090909,8472.636363636364,499.1818181818182,10353.818181818182,9.527272727272727,120719.90909090909,114.068,29957.26818181818,27.507272727272728,17.865454545454547,19.047272727272727,18.41181818181818,17.167272727272728,48544.37272727273,84.48181818181818,35234.80090909091,11.32909090909091,10.036363636363635,94.53636363636363,2.309090909090909,36.03636363636364,0.2818181818181818,1.2,2.7,51.99090909090909,14.136363636363637,17.227272727272727,320819.0909090909,5.463636363636364,11.227272727272727,10.236363636363636
37005,27.62,19.35727272727273,16.013636363636365,20.926363636363636,16.079090909090908,34.86636363636364,1.7081818181818182,10.038181818181819,32.27727272727273,21.11,63.03090909090909,78.45272727272727,55.31909090909091,83.55818181818182,20335.01818181818,7.778181818181818,7.657272727272727,589.1818181818181,227.45454545454544,59,280.45454545454544,183.0909090909091,110.18181818181819,10.727272727272727,240.63636363636363,10.118181818181819,4795,90.41,21833.03181818182,22.145454545454545,32.54727272727273,20.583636363636362,12.395454545454545,12.330909090909092,37770.09454545454,79.68818181818182,23252.694545454546,8.879090909090909,7.846363636363637,98.56636363636363,0.31727272727272726,1.46,0.01818181818181818,0.8563636363636363,5.234545454545454,90.68181818181819,15.742727272727272,22.37909090909091,10977.363636363636,1.4336363636363636,8.473636363636365,7.829090909090909
37081,36.45727272727273,7.398181818181818,13.296363636363637,26.492727272727272,16.355454545454545,39.96454545454545,0.6945454545454546,6.959090909090909,33.17454545454545,19.206363636363637,74.04545454545455,78.58181818181818,70.66363636363637,65.36727272727273,27282.053636363635,8.434545454545454,7.754545454545455,29112.363636363636,12233.09090909091,1552.7272727272727,24446.272727272728,12897.181818181818,7876.272727272727,548.4545454545455,11422.363636363636,7.072727272727272,195181.45454545456,117.478,31012.286363636365,33.091818181818184,13.823636363636364,19.385454545454547,20.09,13.611818181818181,50933.19545454546,84.77272727272727,35425.553636363635,8.644545454545455,8.027272727272727,98.06363636363636,4.163636363636364,32.67272727272727,0.05454545454545455,0.4818181818181818,2.881818181818182,57.809090909090905,12.145454545454546,16.618181818181817,493781.8181818182,1.9363636363636365,8.539090909090909,7.9
37053,28.747272727272726,17.67,9.493636363636364,27.21,16.876363636363635,35.25363636363637,0.8545454545454545,4.364545454545454,40.014545454545456,19.513636363636362,72.12727272727273,84.11,66.94545454545454,54.18363636363636,26705.985454545455,6.990909090909091,6.4,1978.909090909091,670.9090909090909,123.9090909090909,657.1818181818181,580.5454545454545,480.3636363636364,12.181818181818182,329.09090909090907,3.109090909090909,9404.454545454546,121.44200000000001,33523.972727272725,23.025454545454547,32.49363636363636,14.043636363636363,15.926363636363638,14.51,64396.49636363636,85.62727272727273,39657.53181818182,8.11909090909091,7.109090909090909,97.9,0.4727272727272727,6.363636363636363,0,0.32727272727272727,0.4818181818181818,90.23636363636363,6.418181818181818,9.236363636363636,24228.727272727272,2.1,7.587272727272727,6.7727272727272725
37071,29.69090909090909,10.328181818181818,18.62909090909091,24.78909090909091,16.565454545454546,34.93090909090909,0.8145454545454546,10.617272727272727,33.334545454545456,20.3,71,78.29818181818182,74.22727272727273,70.09181818181818,25252.758181818182,10.768181818181818,10.318181818181818,13151.181818181818,4698.727272727273,810.2727272727273,9383,5728.363636363636,2716.090909090909,388.54545454545456,4767.545454545455,6.027272727272727,78992.45454545454,100.554,30441.19818181818,24.892727272727274,19.03090909090909,25.96636363636364,16.973636363636363,13.136363636363637,47787.62090909091,81.84545454545454,35515.62090909091,10.592727272727274,9.936363636363637,98.17272727272727,1.3272727272727272,15.081818181818182,0.05454545454545455,0.4272727272727273,3.4909090909090907,77.80909090909091,12.790909090909091,16.645454545454545,207804.27272727274,1.8272727272727274,10.673636363636364,10.145454545454545
37009,25.837272727272726,16.194545454545455,17.347272727272728,22.87909090909091,17.740909090909092,32.61181818181818,1.4427272727272729,10.514545454545454,32.11545454545455,23.314545454545456,69.60909090909091,78.69909090909091,60.92727272727273,67.56,21343.97272727273,7.446363636363636,7.2,1616.2727272727273,591.8181818181819,73.72727272727273,632.6363636363636,541.0909090909091,369.72727272727275,36.27272727272727,485.90909090909093,4.616363636363636,11728.727272727272,92.74,24365.283636363638,20.027272727272727,28.822727272727274,23.19818181818182,14.921818181818182,13.03,39957.296363636364,81.84545454545454,27350.955454545452,8.895454545454545,8.827272727272728,98.97,0.3427272727272727,0.5472727272727272,0.01818181818181818,0.46,2.810909090909091,94.81818181818181,12.99090909090909,18.80909090909091,26718.545454545456,1.03,8.227272727272727,8.1
37067,38.67545454545454,7.839090909090909,12.57909090909091,23.64818181818182,17.259090909090908,42.946363636363635,0.5618181818181818,6.53,30.132727272727273,19.829090909090908,72.47272727272727,79.14090909090909,70.05454545454546,65.55636363636364,27914.122727272726,7.802727272727273,7.409090909090909,22834.81818181818,9295.818181818182,1248.8181818181818,16550,9183.545454545454,6469.909090909091,502,9281.454545454546,11.709090909090909,140584.72727272726,115.37,31465.543636363636,34.550909090909094,14.860909090909091,18.423636363636362,17.383636363636363,14.781818181818181,51060.48818181818,83.3,35446.47818181818,8.68,8.018181818181818,98.30909090909091,1.9272727272727272,25.918181818181818,0.06363636363636364,0.24545454545454545,4.5181818181818185,65.65454545454546,12.727272727272727,17.400000000000002,355006.2727272727,1.690909090909091,8.255454545454546,7.718181818181818
37173,30.27090909090909,10.479090909090909,9.95,19.41090909090909,29.88909090909091,35.64454545454545,0.8872727272727273,4.509090909090909,26.23090909090909,32.72727272727273,62.13636363636364,80.65272727272728,58.29545454545455,65.98363636363636,22751.39,5.673636363636364,4.52,775.5454545454545,273.8181818181818,123.18181818181819,538.2727272727273,326.72727272727275,136.72727272727272,40.54545454545454,344.90909090909093,3.5881818181818184,5482.090909090909,90.034,28102.572727272727,25.2,19.599090909090908,15.105454545454545,12.904545454545454,27.19,39153.604545454546,71.3790909090909,32464.467272727274,8.943636363636363,9.010909090909092,95.89636363636363,0.5309090909090909,1.4445454545454546,0,26.50090909090909,1.1663636363636363,66.24363636363637,16.445454545454545,23.028181818181817,13947.636363636364,4.1036363636363635,7.3963636363636365,6.875454545454545
37115,29.14181818181818,13.602727272727273,14.459090909090909,22.715454545454545,20.080909090909092,35.85636363636364,0.8327272727272728,6.6472727272727274,31.080909090909092,25.581818181818182,65.47272727272727,71.60818181818182,61.845454545454544,60.96,21990.193636363634,5.491818181818182,4.918181818181818,1026.8181818181818,632.2727272727273,47.18181818181818,626.8181818181819,433.72727272727275,325.6363636363636,20,210.0909090909091,2.0454545454545454,8248.90909090909,97.334,26741.856363636365,23.009999999999998,25.28727272727273,21.650909090909092,15.014545454545454,15.037272727272727,42568.75363636364,75.77272727272727,31111.65818181818,7.99090909090909,8.363636363636363,99.12727272727273,0.509090909090909,1.5545454545454545,0,0.4818181818181818,0.5272727272727272,96.08181818181818,11.809090909090909,17.336363636363636,20830.090909090908,0.8727272727272728,6.807272727272728,6.745454545454545
37083,26.27,10.32090909090909,20.437272727272727,22.417272727272728,20.55727272727273,32.52909090909091,1.1636363636363636,10.672727272727274,30.674545454545456,24.96090909090909,67,79.27363636363636,78.95454545454545,70.78909090909092,22398.340909090908,9.593636363636364,8.90909090909091,2646.4545454545455,815.4545454545455,218.36363636363637,3453.4545454545455,915.9090909090909,371.8181818181818,25,1988.6363636363637,2.209090909090909,21456.636363636364,91.294,26024.489999999998,19.175454545454546,20.653636363636362,31.578181818181818,13.05,15.545454545454545,34604.950909090905,67.0909090909091,31763.81909090909,16.535454545454545,15.081818181818182,97.1,0.7090909090909091,51.97272727272727,0.00909090909090909,3.3636363636363638,0.6818181818181819,40.36363636363637,20.37272727272727,25.48181818181818,53952.72727272727,2.9,12.982727272727272,11.89090909090909
37185,27.39090909090909,11.366363636363637,18.125454545454545,22.986363636363638,20.131818181818183,34.024545454545454,0.8490909090909091,10.847272727272728,29.060909090909092,25.21727272727273,62.21636363636364,79.89818181818181,65.71454545454546,54.96818181818182,24603.05909090909,9.258181818181818,8.378181818181819,838.1818181818181,299.09090909090907,137.36363636363637,983.8181818181819,330.45454545454544,175.27272727272728,18.09090909090909,617.9090909090909,3.4163636363636365,7790,94.94,26525.85818181818,20.816363636363636,21.841818181818184,25.38909090909091,16.895454545454545,15.055454545454545,35968.94818181818,59.77272727272727,29265.311818181817,10.11909090909091,10.211818181818183,97.52818181818182,0.4890909090909091,51.56727272727273,0,4.5645454545454545,1.81,39.09727272727273,17.21090909090909,24.682727272727274,20374.909090909092,2.4718181818181817,9.69,9.328181818181818
37059,32.972727272727276,10.260909090909092,16.933636363636364,24.932727272727274,14.9,38.379090909090905,0.6636363636363637,8.25,34.195454545454545,18.51181818181818,73.08181818181818,79.41,76.71818181818182,67.25363636363636,28115.88818181818,7.168181818181818,7.209090909090909,3096.3636363636365,1394.8181818181818,301.1818181818182,1206.909090909091,973.7272727272727,521.7272727272727,95.36363636363636,624.6363636363636,6.236363636363636,15854.454545454546,113.774,32734.138181818184,28.09090909090909,18.908181818181816,24.759999999999998,16.592727272727274,11.647272727272727,56267.61363636364,82.98181818181818,37315.64454545455,6.749090909090909,6.090909090909091,98.64545454545454,0.5,6.509090909090909,0.045454545454545456,0.24545454545454545,2.809090909090909,88.52727272727273,8.281818181818181,12.754545454545454,41170.36363636364,1.3545454545454545,6.959090909090909,6.618181818181818
37085,30.78,13.654545454545454,14.697272727272727,23.19272727272727,17.674545454545456,35.88090909090909,1.1781818181818182,8.266363636363636,33.16909090909091,21.504545454545454,67.2090909090909,72.549090909090907,60.60909090909091,60.091818181818184,23635.992727272725,10.406363636363636,9.8,7849.909090909091,4606.727272727273,498,5540.727272727273,3376.090909090909,3292.2727272727275,244.90909090909093,2608.7272727272725,10.772727272727273,41465.454545454544,102.92399999999999,30393.59181818182,25.987272727272728,25.374545454545455,20.740909090909092,13.833636363636364,14.06,49317.413636363635,80.37272727272727,36982.58454545455,10.143636363636364,9.39090909090909,96.50909090909092,1.0454545454545454,21.045454545454547,0.07272727272727272,0.8454545454545455,4.954545454545454,68.51818181818182,13.081818181818182,17.227272727272727,118638.36363636363,3.4909090909090907,10.265454545454546,9.6
37029,36.63636363636363,13.567272727272726,9.072727272727272,22.885454545454547,17.83818181818182,41.72818181818182,0.32636363636363636,4.622727272727273,33.86727272727273,19.455454545454543,72.58181818181818,79.90545454545455,73.69181818181818,74.92727272727272,30734.203636363636,6.243636363636363,5.762727272727273,753.8181818181819,379.3636363636364,114.63636363636364,400.27272727272725,274.3636363636364,136.36363636363637,20.636363636363637,129.54545454545453,2.07,3618.818181818182,125.26,38346.56181818182,31.62181818181818,26.43181818181818,13.326363636363636,12.312727272727273,16.303636363636365,65870.98272727273,83,46330.87272727273,10.66090909090909,9.211818181818183,99.03727272727272,1.7290909090909092,14.544545454545455,0,0.42727272727272725,0.4181818181818182,81.88272727272727,6.052727272727273,8.362727272727273,9941,0.9627272727272728,8.507272727272728,7.500909090909091
37043,29.675454545454546,13.836363636363636,11.728181818181818,23.772727272727273,20.99,36.33090909090909,1.57,7.7299999999999995,29.056363636363635,25.314545454545453,65.71272727272728,95.47545454545454,63.67545454545455,37.96090909090909,21516.072727272727,8.915454545454546,7.351818181818182,532.2727272727273,257.09090909090907,95.9090909090909,229.8181818181818,201.63636363636363,124.54545454545455,3.363636363636364,179.36363636363637,2.4563636363636365,4597.272727272727,90.082,26149.438181818183,23.422727272727272,25.17,15.336363636363636,18.723636363636363,17.347272727272728,39977.28363636364,77.82272727272728,29814.16,10.767272727272728,11.777272727272727,99.61272727272727,0.07363636363636364,1.310909090909091,0.045454545454545456,0.21,0.9463636363636364,97,13.593636363636364,19.994545454545456,10517.181818181818,0.38727272727272727,9.862727272727273,9.65090909090909
37159,27.66,12.287272727272727,20.245454545454546,22.28727272727273,17.517272727272726,35.10454545454545,0.6327272727272727,10.37,31.349090909090908,22.543636363636363,69.44545454545455,77.06,71.96363636363637,61.337272727272726,24917.86090909091,9.751818181818182,9.181818181818182,8351.363636363636,3783.7272727272725,622.3636363636364,5581.818181818182,3282.3636363636365,1978.090909090909,180.54545454545453,3215.818181818182,7.572727272727272,52318.90909090909,99.966,29771.028181818183,20.984545454545454,22.741818181818182,29.084545454545452,14.176363636363636,13.012727272727272,48047.91545454545,78.16363636363636,34768.54,10.336363636363636,9.745454545454546,98.41818181818182,0.9454545454545454,16.009090909090908,0.02727272727272727,0.3181818181818182,3.3181818181818183,77.76363636363637,12.881818181818181,17.045454545454547,138124.45454545456,1.5818181818181818,10.063636363636363,9.481818181818182
37015,23.86090909090909,14.09909090909091,25.02090909090909,18.61,18.41090909090909,30.491818181818182,2.250909090909091,15.41090909090909,27.11,24.737272727272728,68.76727272727273,77.76818181818182,71.75818181818181,80.66727272727273,21961.625454545454,14.556363636363637,14.111818181818181,884.1818181818181,101.36363636363636,139.54545454545453,1108.4545454545455,270.6363636363636,99.54545454545455,100,610.8181818181819,1.480909090909091,7796.909090909091,100.24199999999999,24290.814545454545,17.303636363636365,25.80909090909091,34.43181818181818,10.277272727272727,12.178181818181818,32605.835454545457,64.23727272727272,27542.713636363635,11.789090909090909,11.42,99.4,0.4090909090909091,62.24363636363636,0,0.5818181818181818,0.4581818181818182,35.70636363636363,16.63909090909091,23.03727272727273,20309.18181818182,0.6,13.205454545454545,12.808181818181819
37167,28.89090909090909,13.758181818181818,16.267272727272726,21.33,19.751818181818184,36.94909090909091,0.6936363636363636,7.247272727272727,29.81,25.30272727272727,72.67272727272727,83.17363636363636,78.53636363636363,75.61454545454545,24326.953636363636,9.507272727272728,8.736363636363636,4234.363636363636,1440.6363636363637,260.72727272727275,2021.1818181818182,1649.6363636363637,705.6363636363636,95.27272727272727,1065.909090909091,3.672727272727273,23094.272727272728,99.31,29749.21363636364,21.57090909090909,25.615454545454543,24.44090909090909,13.627272727272727,14.748181818181818,47996.056363636366,79.15454545454546,35190.26090909091,10.917272727272728,9.89090909090909,98.52727272727273,1.8363636363636364,11.127272727272727,0.01818181818181818,0.2545454545454546,0.9636363636363636,84.31818181818181,10.10909090909091,14.918181818181818,60318.63636363636,1.4727272727272727,10.251818181818182,9.345454545454546
37135,53.68636363636364,6.193636363636363,5.2,18.786363636363635,16.13090909090909,55.49090909090909,0.5181818181818182,2.7463636363636366,23.919090909090908,17.326363636363634,74.53636363636363,79.1,72.30909090909091,63.95272727272727,25381.966363636362,5.831818181818182,5.172727272727273,8828.454545454546,3845.2727272727275,609,3676.6363636363635,3601.2727272727275,2244.3636363636365,262.6363636363636,1492.5454545454545,7.7,51143.90909090909,145.136,30219.91909090909,51.849090909090904,11.997272727272728,7.712727272727273,13.536363636363637,14.903636363636364,62577.11090909091,81.41818181818182,35576.876363636366,6.456363636363636,6.3,97.41818181818182,6.9,12,0,0.38181818181818183,2.590909090909091,75.51818181818182,7.918181818181818,15.745454545454546,134598.18181818182,2.581818181818182,6.136363636363637,5.736363636363636
37191,29.346363636363638,13.21,17.32,21.78727272727273,18.33909090909091,36.25272727272727,2.2263636363636365,9.534545454545455,29,22.985454545454544,70.37272727272727,77.75454545454545,67.5,68.21727272727273,23896.76818181818,11.072727272727272,10.3,6727,3108.7272727272725,567.0909090909091,6463.636363636364,2811.6363636363635,2359.818181818182,127.54545454545455,3649.2727272727275,9.745454545454546,46839.181818181816,98.286,27914.329999999998,22.762727272727272,23.683636363636364,24.747272727272726,14.901818181818182,13.908181818181818,44806.10363636364,79.30909090909091,31636.355454545454,9.622727272727273,8.236363636363636,97.17272727272727,1.0363636363636364,31.363636363636363,0.02727272727272727,0.2181818181818182,5.418181818181818,59.11818181818182,15.59090909090909,20.727272727272727,121375.72727272728,2.827272727272727,10.341818181818182,9.254545454545454
37007,22.086363636363636,12.799090909090909,27.874545454545455,18.041818181818183,19.195454545454545,28.767272727272726,1.8209090909090908,16.585454545454546,27.235454545454544,25.587272727272726,71.30909090909091,83.53545454545454,86.06363636363636,76.71090909090908,22444.78,15.543636363636363,14.60909090909091,1275.8181818181818,320.09090909090907,114.9090909090909,1475.5454545454545,549,89.0909090909091,34.63636363636363,766.8181818181819,2.8454545454545452,9433.636363636364,96.832,25997.701818181817,15.954545454545455,22.650909090909092,37.95181818181818,9.82909090909091,13.611818181818181,38077.57272727272,63.345454545454544,29634.04,13.463636363636363,12.018181818181818,98.95454545454545,1.1272727272727272,48.56363636363636,0,0.4727272727272727,0.8727272727272727,47.90909090909091,16.645454545454545,21.972727272727273,26043.545454545456,1.0454545454545454,14.451818181818181,13.272727272727273
37099,31.725454545454546,11.534545454545455,7.213636363636364,21.906363636363636,27.619090909090907,37.265454545454546,0.5390909090909091,3.4672727272727273,28.735454545454544,29.996363636363636,68.46363636363637,84.65545454545455,73.34545454545454,73.30818181818182,19094.174545454545,6.050909090909091,5.881818181818182,1736.4545454545455,577.0909090909091,225.8181818181818,1285.7272727272727,955.4545454545455,406,27.181818181818183,647.3636363636364,4.636363636363637,15799.90909090909,92.46,22429.727272727272,26.529090909090908,21.935454545454544,10.77,15.442727272727272,25.326363636363638,42309.36636363636,74.06363636363636,25500.63909090909,6.22,5.327272727272727,97.76363636363637,0.8727272727272727,2.5272727272727273,0.06363636363636364,8.854545454545454,1.6363636363636365,83.7909090909091,13.00909090909091,20.71818181818182,39868.818181818184,2.2363636363636363,6.139090909090909,5.581818181818182
37189,34.47090909090909,9.221818181818183,6.74,25.861818181818183,23.707272727272727,36.96454545454545,0.46,3.610909090909091,33.338181818181816,25.62818181818182,70.6,73.86,69.25454545454545,75.78,12964.64090909091,7.430909090909091,5.290909090909091,2049.090909090909,1010.0909090909091,81.63636363636364,875.7272727272727,1011,520.6363636363636,31.636363636363637,447.90909090909093,3.1,20178.727272727272,130.376,14858.962727272727,32.27272727272727,16.95,9.5,19.285454545454545,21.990909090909092,39809.31545454545,77.43636363636364,16903.846363636363,9.315454545454546,7.254545454545455,97.65454545454546,0.9181818181818182,1.3363636363636364,0.01818181818181818,0.3,0.9727272727272728,94.1,11.00909090909091,27.745454545454546,50586.36363636364,2.3454545454545457,8.44,6.345454545454546
37175,29.724545454545453,14.499090909090908,11.007272727272728,21.66090909090909,23.11,34.59909090909091,0.9318181818181818,5.7672727272727276,31.183636363636364,27.518181818181816,67.21818181818182,74.67363636363636,71,90.73818181818181,20868.667272727274,6.701818181818182,6.509090909090909,1706.2727272727273,687.5454545454545,97.54545454545455,1121.3636363636363,586.4545454545455,368.54545454545456,34.72727272727273,405.8181818181818,2.6963636363636363,13680.09090909091,102.172,23252.11181818182,25.19727272727273,26.967272727272725,15.806363636363637,12.919090909090908,19.111818181818183,45815.75818181818,77.01818181818182,26576.372727272726,7.294545454545455,6.154545454545455,98.33818181818182,0.6981818181818181,4.01,0.00909090909090909,0.36363636363636365,1.9327272727272728,91.34454545454545,9.700000000000001,14.2,32395.363636363636,1.6618181818181819,6.99,6.327272727272727
37133,29.625454545454545,13.087272727272728,9.905454545454546,25.864545454545453,21.51909090909091,34.99363636363636,0.9409090909090909,4.5227272727272725,33.75181818181818,25.79090909090909,66.02727272727273,75.78454545454545,51.77272727272727,42.091818181818184,20772.053636363635,11.896363636363636,11.154545454545454,8898.272727272728,6660.090909090909,789.1818181818181,6457.818181818182,5273.727272727273,7821.181818181818,303.18181818181813,4310.181818181818,10.327272727272728,59791.90909090909,117.18,26871.381818181817,24.07,25.57090909090909,15.381818181818181,17.85181818181818,17.126363636363635,49756.810909090906,89.66363636363637,29482.453636363636,8.895454545454546,7.8545454545454545,95.73636363636363,1.9272727272727272,15.799999999999999,0.2090909090909091,0.6272727272727272,2.9727272727272727,74.18181818181819,11.254545454545454,14.127272727272727,178737.9090909091,4.263636363636364,10.445454545454545,9.59090909090909
37011,27.674545454545456,14.328181818181818,11.727272727272727,22.259090909090908,24.01090909090909,33.14727272727273,0.9109090909090909,6.911818181818182,29.348181818181818,29.68,67.48727272727272,86.05090909090909,71.32545454545455,63.838181818181816,19986.570909090908,4.524545454545454,3.5754545454545457,1011.8181818181819,298.6363636363636,44.90909090909091,431.8181818181818,336,185.0909090909091,28.636363636363637,147.27272727272728,4.4418181818181814,6974.909090909091,100.08,22678.497272727273,22.855454545454545,26.13,15.964545454545455,16.022727272727273,19.028181818181817,39933.942727272726,58.44909090909091,24587.85636363636,8.520909090909091,8.50090909090909,96.20818181818181,0.6154545454545455,3.7818181818181817,0.23,0.7009090909090909,1.3754545454545455,89.52181818181818,11.875454545454545,16.167272727272728,17744.81818181818,3.791818181818182,6.717272727272727,6.290909090909091
37125,36.66909090909091,10.086363636363636,10.186363636363636,21.39636363636364,21.65909090909091,40.95090909090909,0.9681818181818181,4.444545454545454,29.28,24.357272727272726,69.5090909090909,79.47181818181818,68.71818181818182,57.17636363636364,25308.651818181817,8.475454545454545,7.6909090909090905,5520.363636363636,2461.3636363636365,324,3257.6363636363635,2141.909090909091,1536.7272727272727,115.54545454545455,1694.2727272727273,6.009090909090909,35756.545454545456,114.842,31098.732727272727,32.63545454545454,18.7,15.61,13.94909090909091,19.10727272727273,54881.024545454544,82.48181818181818,38087.29,8.634545454545455,8.236363636363636,98.38181818181818,0.9727272727272728,13.245454545454546,0.00909090909090909,0.7181818181818181,1.3454545454545455,82.06363636363636,9.218181818181819,13.709090909090909,89492.63636363637,1.6181818181818182,8.548181818181819,7.963636363636364
37003,24.487272727272728,10.474545454545455,30.828181818181818,20.023636363636363,14.19,30.093636363636364,0.8590909090909091,20.26090909090909,28.30272727272727,20.484545454545454,70.49090909090908,78.56090909090909,68.52727272727273,67.44181818181818,23712.814545454545,9.442727272727273,8.99090909090909,2473.818181818182,1312.5454545454545,81.45454545454545,1124.4545454545455,965.5454545454545,629.1818181818181,35.72727272727273,516.1818181818181,4.172727272727273,13541,90.34,28287.255454545455,19.886363636363637,18.374545454545455,39.50909090909091,13.24,8.988181818181818,45116.428181818184,78.0909090909091,33174.953636363636,9.162727272727272,8.336363636363636,98.7090909090909,0.8636363636363636,5.409090909090909,0.10909090909090909,0.27272727272727276,2.9636363636363634,89.13636363636364,11.736363636363636,15.909090909090908,36927.36363636364,1.290909090909091,9.295454545454545,8.654545454545454
37103,27.50090909090909,16.766363636363636,16.418181818181818,21.02090909090909,18.294545454545453,32.63090909090909,2.329090909090909,10.775454545454545,28.792727272727273,25.471818181818183,66.12636363636364,67.8,67.38818181818182,67.63090909090909,23239.62,10.234545454545454,9.670909090909092,430,292.90909090909093,30.636363636363633,417.09090909090907,211.45454545454547,149.1818181818182,0.36363636363636354,164.8181818181818,4.060909090909091,4102.454545454545,96.55,26934.852727272726,22.835454545454546,29.685454545454547,21.502727272727274,14.059090909090909,11.91909090909091,39401.81545454545,76.77090909090909,31163.398181818182,10.731818181818182,10.813636363636364,98.10727272727273,0.11090909090909092,31.88818181818182,0.2545454545454545,0.3472727272727273,1.6418181818181818,63.82909090909091,15.032727272727273,19.742727272727272,10041.272727272728,1.8927272727272728,10.486363636363636,10.26
37161,27.174545454545456,11.232727272727272,22.67818181818182,20.89090909090909,18.024545454545454,35.89636363636364,0.9754545454545455,12.316363636363636,26.85909090909091,23.952727272727273,65.65454545454546,68.90727272727273,65.10909090909091,60.46545454545455,22410.736363636363,11.35,11.209090909090909,3550.181818181818,1686,347.54545454545456,2647.6363636363635,1288.909090909091,943.5454545454545,167,1221.090909090909,3.5,26786,87.734,27177.318181818184,19.26,20.635454545454547,32.121818181818185,15.395454545454545,12.586363636363636,39862.58727272727,74.35454545454546,32209.773636363636,11.838181818181818,10.681818181818182,98.55454545454546,0.4272727272727273,10.163636363636364,0,0.35454545454545455,1.481818181818182,86.11818181818182,14.590909090909092,19.59090909090909,66280.09090909091,1.4454545454545455,11.595454545454546,10.918181818181818
37107,27.736363636363638,12.68909090909091,19.07,19.78818181818182,20.72,34.02090909090909,0.7081818181818181,11.75909090909091,27.58909090909091,25.920909090909092,69.32727272727273,82.09363636363636,73.36363636363636,63.61090909090909,22832.44,11.387272727272727,9.89090909090909,2979.090909090909,1114.090909090909,346.3636363636364,3222.818181818182,1109.1818181818182,625.7272727272727,92.18181818181819,1988.3636363636363,6.5181818181818185,23797,96.432,25620.38272727273,21.804545454545455,24.033636363636365,25.997272727272726,12.436363636363636,15.733636363636364,37966.83454545454,78.39090909090909,28562.506363636363,11.15090909090909,9.827272727272728,97.84545454545454,0.5,40.054545454545455,0.01818181818181818,0.2909090909090909,2.7636363636363637,54.19090909090909,18.327272727272728,23.554545454545455,58394,2.1545454545454543,11.255454545454546,9.854545454545455
37041,30.066363636363636,11.451818181818181,16.151818181818182,22.193636363636365,20.134545454545457,35.57090909090909,1.3763636363636365,8.18,30.89818181818182,23.974545454545453,63.93636363636364,78.68181818181819,63.333636363636366,56.38090909090909,20650.47272727273,10.176363636363636,10.604545454545455,640.8181818181819,308.27272727272725,45.54545454545455,827,273.8181818181818,152.54545454545456,0.18181818181818177,386,2.8663636363636362,5883.636363636364,96.33,26756.47272727273,25.215454545454545,20.312727272727273,23.206363636363637,14.549090909090909,16.71818181818182,41360.575454545455,81.24636363636364,31402.12818181818,13.3,12.708181818181819,99.33,0.6254545454545455,34.31727272727273,0,0.9209090909090909,1.1372727272727272,62.31909090909091,16.58818181818182,22.971818181818183,14642.363636363636,0.6699999999999999,11.88090909090909,11.714545454545455
37121,28.169999999999998,15.711818181818181,19.21909090909091,18.43909090909091,18.46,38.775454545454544,1.2418181818181817,12.629999999999999,26.528181818181817,20.827272727272728,63.17272727272727,83.00545454545454,70.92454545454545,53.21545454545455,22069.08090909091,10.74090909090909,9.479090909090909,942.8181818181819,307.27272727272725,102.63636363636364,401.09090909090907,390.72727272727275,171.9090909090909,23,183.9090909090909,4.255454545454546,6494.090909090909,84.72800000000001,26732.69,19.613636363636363,27.374545454545455,24.546363636363637,11.903636363636364,16.561818181818182,40417.50363636364,76.99727272727273,30308.78818181818,7.211818181818182,6.6472727272727274,99.19181818181818,0.3327272727272727,0.6245454545454545,0.02727272727272727,0.31272727272727274,1.1436363636363636,96.74181818181818,12.42909090909091,17.30909090909091,15441,0.8081818181818181,8.80090909090909,7.904545454545454
37109,29.085454545454546,11.649090909090908,20.286363636363635,25.033636363636365,13.946363636363637,35.67818181818182,0.9154545454545454,12.251818181818182,33.67363636363636,17.482727272727274,70.92727272727272,77.80363636363636,69.77272727272727,66.43090909090908,27594.61090909091,9.883636363636363,8.9,5909.090909090909,2073.2727272727275,287.90909090909093,2481.909090909091,2223.4545454545455,1015.3636363636364,49.45454545454546,1364.8181818181818,7.218181818181819,29856.090909090908,99.986,32727.102727272726,23.523636363636363,20.7,27.05909090909091,17.74909090909091,10.966363636363637,53699.51454545454,83.94545454545454,37653.03909090909,9.569090909090908,9.272727272727273,98.11818181818182,0.509090909090909,5.463636363636364,0.00909090909090909,0.2818181818181818,2.6818181818181817,89.17272727272727,10.663636363636364,14.536363636363637,77767.81818181818,1.8818181818181818,9.712727272727273,9.118181818181817
37075,23.604545454545455,16.03363636363636,15.972727272727273,20.444545454545455,23.945454545454545,30.701818181818183,0.86,5.848181818181819,32.31363636363636,30.274545454545454,60.29636363636364,68.35545454545455,69.55909090909091,56.24818181818182,20708.81272727273,7.131818181818182,6.166363636363636,520.9090909090909,300.6363636363636,19.727272727272727,234.9090909090909,209.45454545454547,94.27272727272728,0.6363636363636362,94.72727272727272,1.999090909090909,3475.818181818182,91.87,25207.493636363637,16.830000000000002,30.60090909090909,25.494545454545456,9.190909090909091,17.883636363636363,35622.23181818182,69.96545454545455,29570.29090909091,12.008181818181818,10.95,98.75454545454545,0.5472727272727272,0.32636363636363636,0.16636363636363638,7.591818181818182,0.8272727272727273,89.31181818181818,15.53,19.745454545454546,8561,1.2454545454545454,9.737272727272728,8.723636363636365
37019,29.28272727272727,14.124545454545455,11.386363636363637,24.668181818181818,20.536363636363635,33.839090909090906,0.9954545454545455,5.996363636363636,35.00090909090909,24.171818181818182,65.6,78.95181818181818,70.80909090909091,65.10090909090908,22460.88272727273,10.582727272727272,10.081818181818182,5151.545454545455,2223.181818181818,431.54545454545456,3262.7272727272725,2361.2727272727275,1333,137.54545454545453,1638.2727272727273,4.663636363636364,48213.09090909091,115.90599999999999,26994.881818181817,25.202727272727273,25.894545454545455,16.223636363636363,15.404545454545454,17.275454545454547,51603.39727272727,78.22727272727272,31731.72090909091,10.106363636363636,9.381818181818181,97.75454545454545,0.5,10.818181818181818,0.16363636363636364,0.4818181818181818,1.781818181818182,83.96363636363637,10.9,14.536363636363637,110937.27272727272,2.2454545454545456,10.341818181818182,9.727272727272727
37079,24.248181818181816,16.984545454545454,18.813636363636363,18.732727272727274,21.22,31.103636363636365,2.791818181818182,12.141818181818183,27.277272727272727,26.684545454545454,71.08181818181818,79.32,69.51818181818182,63.346363636363634,24110.53181818182,10.37,8.627272727272727,1146.7272727272727,444.6363636363636,171.63636363636363,917.3636363636364,284.54545454545456,296.09090909090907,68,667.5454545454545,13.866363636363637,7066.181818181818,92.844,25586.216363636362,18.13909090909091,29.753636363636364,24.92818181818182,10.99909090909091,16.176363636363636,42553.803636363635,60.25454545454545,26819.659090909092,11.827272727272728,10.9,97.44545454545454,0.18181818181818182,36.7,0,0.7727272727272727,6.863636363636363,52.96363636363636,14.618181818181819,22.28181818181818,21107.363636363636,2.5545454545454547,11.124545454545455,9.818181818181818
37165,29.864545454545453,9.097272727272728,18.345454545454547,23.19272727272727,19.50090909090909,34.58090909090909,1.0918181818181818,10.804545454545455,30.737272727272728,22.78727272727273,60.64545454545455,69.36727272727273,60.35454545454545,65.68363636363637,22710.684545454544,13.417272727272728,12.372727272727273,1525.6363636363637,475.72727272727275,276.27272727272725,2392.4545454545455,529.8181818181819,252.1818181818182,71.36363636363636,1619.090909090909,2.2272727272727275,13135.727272727272,89.51,25628.502727272727,24.868181818181817,17.615454545454547,26.33818181818182,15.182727272727274,15.998181818181818,33833.58727272727,60,28884.28636363636,15.495454545454546,14.590909090909092,97.46363636363637,0.6272727272727273,38.68181818181818,0.045454545454545456,10.163636363636364,0.9636363636363636,47,26.381818181818183,30.07272727272727,36014.90909090909,2.5363636363636366,14.444545454545455,13.481818181818182
37065,22.23,11.166363636363636,23.695454545454545,22.297272727272727,20.61,27.857272727272726,1.5236363636363637,15.020909090909091,30.43,25.172727272727272,69.37272727272727,82.37545454545455,78.44545454545455,81.62,22887.177272727273,13.143636363636364,12.981818181818182,2850.5454545454545,540.2727272727273,262.8181818181818,3775.3636363636365,911.2727272727273,299.27272727272725,61,2349.3636363636365,3.9545454545454546,21366.454545454544,92.99,25143.41727272727,16.131818181818183,21.611818181818183,33.10909090909091,13.459090909090909,15.686363636363636,36051.68363636364,74.54545454545455,28532.97818181818,14.104545454545454,13.263636363636364,98.63636363636364,0.1181818181818182,56.945454545454545,0.06363636363636364,0.2909090909090909,2.1818181818181817,39.03636363636364,19.6,24.254545454545454,54842.181818181816,1.3636363636363635,13.606363636363636,13.118181818181817
37131,25.48090909090909,11.402727272727272,19.85,20.243636363636362,23.024545454545454,31.176363636363636,0.8763636363636365,12.901818181818182,27.054545454545455,27.99,65.66363636363636,75.85272727272728,75.49,81.94727272727273,22237.13272727273,11.667272727272728,10.763636363636364,703.1818181818182,216.45454545454547,97.45454545454545,1354,227,100.45454545454545,36.63636363636364,699.1818181818181,1.6145454545454545,8463,95.132,26237.70090909091,19.363636363636363,22.825454545454544,27.267272727272726,12.828181818181818,17.71272727272727,34109.95545454545,63.081818181818186,30661.63909090909,14.384545454545455,14.00909090909091,97.86181818181818,0.10090909090909092,57.125454545454545,0.04636363636363637,0.27454545454545454,0.3190909090909091,40.00545454545455,18.572727272727274,24.763636363636362,21158.81818181818,2.138181818181818,12.974545454545455,12.318181818181818
37077,32.22727272727273,11.067272727272726,17.43090909090909,22.32090909090909,16.954545454545453,38.61272727272727,0.5054545454545455,9.774545454545455,32.335454545454546,18.76909090909091,71.2909090909091,78.07727272727273,73.04545454545455,62.084545454545456,30210.656363636364,8.11,7.3545454545454545,3934.090909090909,1266.5454545454545,153.45454545454547,2261.5454545454545,1375.5454545454545,538.2727272727273,107.36363636363636,1186.8181818181818,7.218181818181818,20084.545454545456,102.202,33059.693636363634,26.73,20.328181818181818,24.119090909090907,13.547272727272727,15.275454545454545,54456.64090909091,70.80909090909091,36136.376363636366,8.125454545454545,7.2,97.61818181818182,0.5181818181818182,31.927272727272726,0.01818181818181818,0.5636363636363636,3.890909090909091,60.67272727272727,10.327272727272728,13.881818181818183,58010.36363636364,2.381818181818182,8.108181818181817,7.236363636363636
37183,49.21545454545455,6.702727272727273,6.654545454545454,23.88090909090909,13.546363636363637,51.18454545454546,0.5863636363636364,3.4309090909090907,29.48181818181818,15.315454545454546,75.94545454545455,79.86272727272727,68.05454545454545,66.87272727272727,34101.09818181818,6.420909090909091,5.9363636363636365,73061.45454545454,33011,3129.2727272727275,34321.818181818184,32732.363636363636,22687.090909090908,1337,14336.272727272728,9.49090909090909,348830.9090909091,144.706,39869.817272727276,47.45636363636363,12.144545454545455,9.533636363636363,18.894545454545455,11.972727272727273,73518.17818181818,88.58181818181818,47413.00818181818,5.84,5.345454545454546,97.81818181818181,5.618181818181818,20.554545454545455,0,0.3181818181818182,3.5818181818181816,67.74545454545455,7.036363636363636,10.290909090909091,929131.3636363636,2.1818181818181817,6.116363636363636,5.6454545454545455
37089,33.230000000000004,11.499090909090908,14.693636363636363,23.29,17.28818181818182,39.485454545454544,0.99,6.9381818181818184,31.875454545454545,20.713636363636365,69.78181818181818,81.84818181818181,66.47272727272727,62.56090909090909,24972.34727272727,5.760909090909091,5.2272727272727275,6419.636363636364,2719,500.6363636363636,2951.4545454545455,2657.7272727272725,2101.818181818182,120.0909090909091,1513.909090909091,9.49090909090909,45508.27272727273,110.786,29002.960909090907,27.581818181818182,20.983636363636364,21.69818181818182,15.538181818181819,14.19909090909091,51443.939090909094,81.86363636363636,33586.15818181818,6.875454545454545,6.245454545454545,98.24545454545455,1.0272727272727273,3.2818181818181817,0.045454545454545456,0.34545454545454546,3.3,90.2090909090909,9.118181818181817,12.818181818181818,107203.45454545454,1.7545454545454546,6.349090909090909,5.763636363636364
37157,24.4,12.271818181818182,22.171818181818182,23.783636363636365,17.37181818181818,31.46818181818182,1.3418181818181818,12.950909090909091,33.342727272727274,20.896363636363635,69.39090909090909,77.5190909090909,73.12727272727273,70.52545454545455,24608.144545454546,9.87,9.727272727272727,4972,1821.4545454545455,559.8181818181819,3922.4545454545455,2162.909090909091,1001.8181818181819,105.27272727272728,2107.2727272727275,5.536363636363636,37600.818181818184,83.702,28835.618181818183,17.85727272727273,22.403636363636362,30.70090909090909,14.934545454545454,14.106363636363636,42830.15545454546,77.76363636363637,32874.145454545454,10.122727272727273,9.209090909090909,98.15454545454546,0.4818181818181818,18.727272727272727,0.06363636363636364,0.37272727272727274,2.7636363636363637,75.77272727272727,13.736363636363636,17.354545454545455,92431.63636363637,1.8454545454545455,10.01,9.463636363636363
37017,25.400909090909092,17.403636363636362,20.69909090909091,18.87363636363636,17.62181818181818,33.60454545454546,2.9963636363636366,13.437272727272727,27.516363636363636,22.44727272727273,64.36363636363636,76.64,75.95454545454545,70.77181818181819,23178.039090909093,11.09909090909091,11.00909090909091,1680.5454545454545,517.7272727272727,143.63636363636363,2031.5454545454545,637.9090909090909,243.45454545454544,26.272727272727273,1124.5454545454545,6.958181818181818,13914.454545454546,90.812,27050.54,17.3,31.632727272727273,27.87090909090909,10.346363636363636,12.850909090909092,33474.84181818182,70.78181818181818,32113.82,9.14,8.536363636363637,98.25454545454545,0.07272727272727272,34.86363636363637,0,2.4,3.609090909090909,57.29090909090909,19.945454545454545,25.636363636363637,34183.181818181816,1.7454545454545454,10.128181818181819,9.763636363636364
37057,27.587272727272726,10.837272727272728,21.408181818181816,24.708181818181817,15.460909090909091,33.75636363636364,0.8963636363636364,11.388181818181819,34.624545454545455,19.336363636363636,71.9,80.94181818181818,73.10909090909091,70.47181818181818,25851.17090909091,10.397272727272727,9.745454545454546,12111.818181818182,3657.5454545454545,728.3636363636364,5581.181818181818,4585.090909090909,2198.5454545454545,243.72727272727272,2809.7272727272725,6.363636363636363,64159.818181818184,95.582,31156.188181818183,22.16090909090909,19.565454545454546,30.207272727272727,16.006363636363638,12.058181818181819,48437.93454545455,82.83636363636363,35845.75090909091,9.261818181818182,8.463636363636363,98.77272727272727,1.3272727272727272,9.136363636363637,0,0.4181818181818182,1.6454545454545455,86.2,11.681818181818182,15.272727272727273,161863.18181818182,1.2272727272727273,9.795454545454545,9.063636363636364
37023,27.846363636363638,9.724545454545455,22.003636363636364,19.561818181818182,20.85909090909091,35.472727272727276,0.6772727272727272,12.485454545454546,26.49,24.87272727272727,69.06363636363636,75.46454545454546,72.4090909090909,60.73909090909091,24174.12909090909,9.756363636363636,9.427272727272728,5546.727272727273,1605.5454545454545,587.6363636363636,3039,1726.1818181818182,1140.2727272727273,131.9090909090909,1688.4545454545455,5.454545454545454,34451.36363636364,88.48,27068.685454545455,20.776363636363637,18.125454545454545,30.84181818181818,13.113636363636363,17.139090909090907,41786.91545454545,75.21818181818182,29124.43,11.562727272727273,10.872727272727273,98.34545454545454,3.481818181818182,6.409090909090909,0.03636363636363636,0.4636363636363636,2.9363636363636365,85.04545454545455,13.754545454545454,18.672727272727272,89822.63636363637,1.6545454545454545,10.69909090909091,10.190909090909091
37181,24.35909090909091,9.88090909090909,20.25,23.906363636363636,21.60181818181818,29.656363636363636,1.1272727272727272,11.428181818181818,32.46090909090909,25.326363636363634,67.63636363636364,88.96909090909091,69.81818181818181,77.28636363636363,24477.692727272726,9.592727272727272,8.836363636363636,2003.7272727272727,764.5454545454545,194.54545454545456,3242.6363636363635,781.5454545454545,339.3636363636364,42.36363636363637,1848.6363636363637,6.818181818181818,16472.272727272728,94.862,26672.804545454546,18.592727272727274,19.385454545454547,29.83,14.625454545454545,17.56909090909091,37585.35545454545,71.46363636363637,29164.625454545454,11.802727272727273,11,98.7090909090909,0.4,49.72727272727273,0.01818181818181818,0.7272727272727273,4.390909090909091,43.43636363636364,19.772727272727273,26.21818181818182,44503.181818181816,1.2909090909090908,10.680909090909092,9.881818181818183
37087,31.076363636363634,13.316363636363636,13.327272727272728,22.912727272727274,19.365454545454547,38.12909090909091,1.0536363636363637,5.966363636363637,31.542727272727273,23.30727272727273,67.18181818181819,75.36636363636363,67.22727272727273,40.903636363636366,24995.63090909091,6.197272727272727,5.454545454545455,3155.6363636363635,1200.2727272727273,273.27272727272725,1871.4545454545455,1109.909090909091,825.5454545454545,45.272727272727266,874.5454545454545,3.2,26130.363636363636,99.874,29323.651818181817,24.767272727272726,24.277272727272727,19.924545454545456,15.187272727272727,15.844545454545456,46201.32454545455,80.31818181818181,34423.24545454545,7.277272727272727,6.454545454545454,98.64545454545454,0.4,1.0727272727272728,0.03636363636363636,0.4636363636363636,0.8,95.84545454545454,11.063636363636364,14.790909090909091,58749.36363636364,1.3545454545454545,6.776363636363636,6
37069,30.892727272727274,14.966363636363637,14.457272727272727,23.945454545454545,15.74090909090909,37.13545454545454,1.2645454545454546,7.526363636363636,34.57909090909091,19.494545454545456,70.4090909090909,74.58363636363636,66.64545454545454,60.878181818181815,27943.611818181816,10.584545454545454,9.863636363636363,4003.6363636363635,2133.4545454545455,255.36363636363637,2204,1373.090909090909,1311.090909090909,79.54545454545455,1308.090909090909,7.681818181818182,23084.363636363636,106.83,30772.484545454547,25.492727272727272,26.80181818181818,20.464545454545455,14.749090909090908,12.49090909090909,48526.623636363634,79.0909090909091,33531.82454545455,9.09909090909091,8.954545454545455,97.84545454545454,0.4363636363636364,25.945454545454545,0.03636363636363636,0.6818181818181818,3.5636363636363635,67.21818181818182,11.836363636363636,15.427272727272728,60889,2.1545454545454543,9.795454545454545,9.39090909090909
37151,25.743636363636362,11.775454545454545,25.055454545454545,23.10272727272727,14.32,32.63,0.9645454545454546,16.60818181818182,31.60909090909091,18.18909090909091,71.9,75.82090909090908,66.46363636363637,64.44363636363636,25098.272727272728,8.31,7.5636363636363635,9354.09090909091,4181.363636363636,639.3636363636364,5560,3419.909090909091,2450.5454545454545,204.36363636363637,2515.5454545454545,10.545454545454545,54821,94.468,29407.543636363636,19.707272727272727,21.236363636363635,32.47636363636364,15.644545454545455,10.930909090909092,45448.70545454545,82.82727272727273,33704.512727272726,8.16,7.5636363636363635,98.46363636363637,1.009090909090909,5.863636363636363,0.00909090909090909,0.4363636363636364,4.4363636363636365,86.7,13.054545454545455,17.154545454545456,141514.81818181818,1.5363636363636364,8.228181818181818,7.572727272727272
37031,33.14636363636364,14.198181818181817,9.92,23.259999999999998,19.473636363636363,39.99818181818182,1.0218181818181817,4.160909090909091,32.263636363636365,22.554545454545455,70.69090909090909,81.13090909090909,77.9090909090909,76.1,23807.036363636365,9.962727272727273,8.927272727272728,3706.3636363636365,1184,224.36363636363637,2344.2727272727275,1617.8181818181818,627.2727272727273,107.54545454545453,1100.2727272727273,3.5454545454545454,28839.454545454544,111.45,28946.06909090909,26.973636363636363,26.026363636363637,15.091818181818182,15.176363636363636,16.73181818181818,53057.068181818184,80.15454545454546,33863.78272727273,7.987272727272727,7.390909090909091,97.91818181818182,0.990909090909091,6.2272727272727275,0.03636363636363636,0.4090909090909091,1.3636363636363638,88.9090909090909,9.627272727272727,13.1,66655.63636363637,2.081818181818182,8.921818181818182,8.127272727272727
37055,32.024545454545454,15.75909090909091,6.920909090909091,26.1,19.195454545454545,35.485454545454544,2.077272727272727,2.727272727272727,35.74818181818182,23.96181818181818,78.35454545454546,87.74545454545455,72.8,78.29181818181819,27131.584545454545,6.392727272727273,5.9,2042.090909090909,655.0909090909091,116.81818181818181,1198.1818181818182,1056.6363636363637,420.27272727272725,21,442.72727272727275,6.005454545454545,15182.09090909091,139.822,31375.923636363637,28.965454545454545,27.917272727272728,10.708181818181819,17.435454545454544,14.971818181818183,59854.43090909091,87.71818181818182,35073.70545454545,6.170909090909091,5.663636363636363,98.39999999999999,0.3818181818181818,3.0272727272727273,0.01818181818181818,0.509090909090909,2.0545454545454547,92.42727272727272,5.9818181818181815,9.290909090909091,34469.36363636364,1.5999999999999999,6.2718181818181815,5.754545454545455
37101,33.31272727272727,13.825454545454546,12.416363636363636,25.4,15.042727272727273,39.38,0.7936363636363637,6.570909090909091,34.917272727272724,18.337272727272726,72.44545454545454,82.83727272727273,70.06363636363636,67.43272727272728,28654.77727272727,7.908181818181818,7.572727272727272,14232.636363636364,4984.090909090909,863.3636363636364,7207.272727272727,5921.727272727273,3829.909090909091,320.45454545454544,3539,12.554545454545455,61073.454545454544,109.108,33327.079090909094,27.943636363636365,25.295454545454547,17.6,17.022727272727273,12.14090909090909,55610.69,84.69090909090909,37212.83909090909,8.24,7.718181818181818,97.93636363636364,0.6,15.318181818181818,0,0.41818181818181815,3.381818181818182,78.2,11.2,14.99090909090909,172234.81818181818,2.0636363636363635,8.083636363636364,7.654545454545454
37187,23.586363636363636,13.293636363636363,21.644545454545455,19.971818181818183,21.502727272727274,30.025454545454544,1.0536363636363635,9.751818181818182,30.71818181818182,28.451818181818183,64.10454545454546,63.21,72.64999999999999,75.25727272727272,20928.43909090909,14.402727272727272,12.954545454545455,557.2727272727273,285.0909090909091,13.818181818181817,839.8181818181819,223.27272727272728,80.81818181818181,0.36363636363636354,457.8181818181818,3.66,5077.454545454545,89.11,26207.30090909091,16.696363636363635,25.743636363636362,33.72818181818182,9.494545454545454,14.336363636363636,36777.86818181818,74.86454545454545,33218.56363636364,16.22909090909091,13.19909090909091,98.49,0.1190909090909091,49.8,0,0.31545454545454543,1.9363636363636363,46.345454545454544,19.39636363636364,24.414545454545454,12818.727272727272,1.51,15.346363636363636,13.096363636363636
37111,26.758181818181818,10.260909090909092,23.71818181818182,20.26818181818182,18.991818181818182,34.21363636363636,1.2572727272727273,15.08909090909091,26.93090909090909,22.508181818181818,66.24545454545455,72.51727272727273,73.64545454545454,72.03,23827.35090909091,9.626363636363637,8.654545454545454,2634.818181818182,962,310.8181818181818,1542.8181818181818,1228.6363636363637,475.3636363636364,110.63636363636364,744.9090909090909,5.327272727272727,17432.727272727272,103.056,27499.999090909092,20.26,18.15,31.22909090909091,14.441818181818181,15.918181818181818,39922.84181818182,74.3,30529.02,10.335454545454546,9.563636363636364,98.75454545454545,0.8909090909090909,3.8,0.01818181818181818,0.38181818181818183,2.0272727272727273,91.60909090909091,14.063636363636364,18.654545454545456,44686.454545454544,1.2454545454545454,10.00909090909091,9.145454545454545
37137,29.64727272727273,17.23090909090909,13.370909090909091,22.516363636363636,17.233636363636364,38.63,0.5590909090909091,6.546363636363637,31.30727272727273,22.957272727272727,66.62272727272727,74.53818181818181,64.75909090909092,67.10727272727273,22869.94090909091,7.248181818181818,6.806363636363637,533.9090909090909,213,110.72727272727273,437.1818181818182,168.1818181818182,145.8181818181818,22.272727272727273,158.36363636363637,2.899090909090909,5303,92.604,26367.046363636364,21.05909090909091,33.088181818181816,19.867272727272727,14.19909090909091,11.781818181818181,46367.89727272727,64.94272727272727,32292.539090909093,9.561818181818182,8.502727272727274,97.89909090909092,0.28363636363636363,19.756363636363638,0.3181818181818182,0.6290909090909091,0.9790909090909091,75.87818181818182,8.675454545454546,13.533636363636363,12901.727272727272,2.100909090909091,8.458181818181819,7.678181818181818
37155,25.37818181818182,15.741818181818182,20.080909090909092,19.548181818181817,19.252727272727274,32.223636363636366,1.9072727272727272,13.727272727272727,27.422727272727272,24.72,61.45454545454545,74.29727272727273,66.56363636363636,61.264545454545456,21860.703636363636,9.561818181818182,8.918181818181818,5926.909090909091,2980.7272727272725,653.5454545454545,9466.363636363636,2358.181818181818,1499.5454545454545,199.72727272727272,5420.272727272727,8.172727272727272,44962.90909090909,87.55,24547.163636363635,18.720909090909092,29.176363636363636,26.334545454545456,11.84909090909091,13.918181818181818,33421.64090909091,68.15454545454546,27975.47090909091,11.19,10.418181818181818,97.52727272727273,0.7181818181818181,24.045454545454547,0.1,37.74545454545454,4.254545454545455,30.672727272727272,25.154545454545456,30.545454545454547,132803,2.4727272727272727,10.386363636363637,9.672727272727272
